Month-Year,Gross Yield,Taxes,Net Yield,Total Purchase Value,Total Sale Value
Jan-2020,-274.7777777777773,0.0,-274.7777777777773,143.76,28.85
Feb-2020,-113.13888888888894,0.0,-113.13888888888894,100.64,60.83
Mar-2020,-2240.002272727273,0.0,-2240.002272727273,71.43,40.0
Apr-2020,0.0,0.0,0.0,58.18,
May-2020,8873.995129870129,1331.0992694805193,7542.89586038961,,152.97
Jun-2020,-3544.0064935064956,0.0,-3544.0064935064956,22.1,48.3
